employee_id,team,start_date,days_requested,approved
E126,Platform,2026-05-07,1,Y
E133,Payments,2026-11-26,1,Y
E158,Sales,2026-12-03,3,Y
E140,Platform,2026-06-24,1,Y
E109,Sales,2026-09-26,1,Y
E149,Payments,2026-06-05,2,Y
E149,Payments,2026-06-05,2,Y
E128,Payments,2026-05-20,1,Y
E137,Sales,2026-10-14,1,Y
E148,support ,13/11/2026,3,Y
E133,Sales,2026-05-09,1,N
E103,Support,2026-01-08,5,N
E150,platform ,2026-08-06,2,
E102,Payments,2026-09-29,1,Y
E136,Platform,2026-07-27,1,Y
E122,Support,31/08/2026,3,Y
E106,Payments,2026-11-27,3,Y
E145,support ,2026-08-08,3,Y
E127,Platform,2026-10-10,3,Y
E114,Payments,2026-10-27,1,Y
E131,Platform,2026-02-05,5,N
E125,Support,01/06/2026,2,Y
E119,Payments,27/04/2026,3,Y
E120,Sales,2026-07-30,2,N
E134,Payments,2026-10-05,1,N
E119,payments ,22/11/2026,3,Y
E108,Payments,02/09/2026,1,Y
E144,Platform,2026-11-11,1,Y
E130,platform ,2026-04-26,2,Y
E154,Platform,2026-07-18,1,N
E104,Platform,17/01/2026,5,Y
E149,Sales,2026-12-05,3,Y
E121,Payments,2026-11-14,1,Y
E109,Platform,2026-04-17,1,Y
E111,Support,2026-08-26,3,Y
E117,payments ,2026-05-01,1,Y
E115,Sales,19/01/2026,3,Y
E123,Support,05/06/2026,1,N
E104,Payments,2026-06-20,1,Y
E120,Payments,2026-08-15,3,Y
E156,Platform,2026-02-25,2,Y
E156,Platform,2026-02-25,2,Y
E143,Sales,2026-01-10,5,N
E113,Sales,2026-12-16,1,Y
E158,Platform,2026-03-08,3,Y
E106,Support,2026-05-29,3,Y
E144,Platform,2026-03-26,2,Y
E115,Support,15/08/2026,1,N
E106,Support,05/04/2026,1,N
E142,Payments,2026-09-09,1,N
E112,Sales,2026-09-03,1,N
E105,Sales,2026-12-18,2,Y
E150,Platform,2026-10-05,3,Y
E131,Platform,2026-12-16,3,Y
E148,Support,2026-09-16,2,Y
E154,Sales,2026-08-02,3,Y
E122,Payments,2026-09-22,1,Y
E139,Support,2026-10-29,2,Y
E131,Sales,2026-02-21,2,Y
E124,Platform,2026-03-24,2,Y
E103,Support,2026-12-12,3,N
E138,Platform,2026-03-10,1,Y
E156,Payments,2026-10-18,3,Y
E115,Support,2026-03-23,1,Y
E124,Support,26/08/2026,1,Y
E118,Payments,2026-05-04,2,Y
E143,Sales,2026-11-17,2,Y
E125,Support,2026-03-23,1,N
E126,Payments,06/01/2026,1,Y
E123,Sales,16/09/2026,1,Y
E127,Sales,2026-03-15,1,Y
E155,Support,2026-09-16,2,N
E124,Platform,2026-05-25,1,Y
E106,Payments,2026-04-22,2,Y
E150,sales ,2026-03-23,2,Y
E110,Sales,2026-04-15,2,Y
E121,Support,2026-11-11,5,N
E146,Payments,2026-11-01,2,Y
E146,Payments,2026-11-01,2,Y
E126,Platform,2026-07-13,1,Y
E133,Sales,2026-06-05,2,Y
E127,Sales,2026-04-03,2,Y
E114,Support,2026-06-20,5,Y
E155,Payments,2026-04-06,1,Y
E133,Payments,2026-01-15,3,Y
E117,Platform,2026-05-06,5,Y
E142,Platform,2026-07-26,2,N
E110,payments ,2026-07-05,1,N
E154,Payments,2026-07-06,1,Y
E151,Sales,06/10/2026,1,N
E128,Sales,2026-07-24,1,Y
E116,Support,2026-12-17,2,Y
E120,Platform,2026-05-15,2,Y
E146,Payments,2026-08-01,3,Y
E151,Sales,2026-08-16,2,Y
E130,Payments,2026-02-09,1,Y
E155,Payments,2026-07-31,1,Y
E110,Platform,25/12/2026,5,Y
E144,Payments,2026-07-26,2,Y
E117,Support,2026-02-14,2,
E100,Sales,2026-11-01,1,Y
E116,Support,2026-06-03,2,Y
E157,support ,2026-10-04,1,Y
E112,platform ,2026-10-29,5,Y
E157,Sales,22/01/2026,1,N
E150,Sales,2026-08-22,2,N
E130,Sales,2026-10-13,1,N
E133,Payments,2026-07-22,3,Y
E146,Support,25/09/2026,2,Y
E109,Payments,2026-06-03,1,Y
E106,Platform,2026-06-29,2,Y
E120,Platform,2026-03-26,5,Y
E103,Platform,2026-03-20,1,Y
E136,Sales,2026-06-27,2,Y
E157,Support,2026-10-31,1,Y
E159,Payments,2026-08-13,1,Y
E104,Platform,2026-02-19,1,Y
E114,Sales,2026-01-26,1,N
E140,Support,2026-03-18,1,Y
E115,Support,2026-03-01,1,Y
E124,Support,2026-02-13,5,N
E124,Support,2026-02-13,5,N
E128,Platform,2026-10-14,1,Y
E101,Platform,14/05/2026,5,Y
E138,Platform,03/11/2026,1,Y
E106,Support,2026-09-22,3,Y
E123,Payments,2026-05-24,3,Y
E158,Platform,2026-09-21,1,Y
E105,Payments,2026-06-19,2,N
E113,Support,2026-09-29,1,N
E115,Payments,2026-12-06,3,Y
E135,Sales,2026-12-19,1,Y
E140,Sales,2026-12-10,1,N
E135,Support,2026-07-10,2,Y
E142,Support,2026-11-07,1,N
E130,Support,2026-02-18,1,Y
E120,Sales,2026-02-01,5,N
E138,Platform,2026-10-11,1,Y
E100,Sales,2026-03-07,1,Y
E118,Platform,2026-12-16,1,Y
E123,sales ,2026-07-16,1,Y
E156,Sales,2026-06-28,2,Y
E116,Payments,2026-03-06,1,Y
E143,Support,2026-10-10,5,Y
E150,Platform,2026-03-17,2,Y
E100,Support,2026-02-02,1,N
E119,Support,12/06/2026,2,N
E109,Platform,2026-07-13,1,Y
E116,Sales,2026-03-24,1,Y
E124,Payments,2026-08-07,5,N
E125,Support,2026-04-02,5,Y
E125,Support,2026-04-02,5,Y
E136,Platform,2026-02-14,1,Y
E111,Support,2026-06-05,1,Y
E124,Payments,2026-07-22,1,Y
E134,Sales,2026-03-20,2,Y
E112,Payments,02/10/2026,3,Y
E146,Platform,2026-02-17,2,Y
E104,Sales,2026-09-10,5,Y
E109,Sales,2026-05-14,2,Y
E132,Sales,04/11/2026,3,Y
E132,Sales,2026-02-25,2,
E103,Payments,2026-02-15,1,Y
E149,Platform,2026-06-22,5,Y
E113,payments ,2026-07-27,2,Y
E123,Platform,06/04/2026,3,Y
E145,Sales,14/02/2026,2,Y
E135,Platform,2026-12-05,1,Y
E126,payments ,2026-01-15,5,Y
E133,Support,2026-11-27,3,Y
E131,payments ,2026-05-11,1,Y
E145,Platform,2026-02-18,3,N
E107,Support,2026-09-17,1,N
E151,Sales,2026-06-10,2,Y
E153,Sales,2026-06-10,2,Y
E108,Sales,2026-01-23,2,Y
E136,Support,23/05/2026,1,N
E108,Support,2026-01-23,2,N
E131,Support,2026-05-02,1,N
E109,Sales,2026-12-13,2,Y
E156,support ,28/03/2026,2,N
E128,Support,2026-03-26,1,Y
E107,Support,2026-08-11,5,N
E101,Platform,2026-03-16,2,Y
E128,Platform,09/07/2026,1,Y
